Square_Footage,Num_Bedrooms,Num_Bathrooms,Lot_Size,Garage_Size,Neighborhood_Quality,House_Price,House_Age
1360.0,2,1,0.5996366396268326,0.0,5,262382.8522740563,43
4272.0,3,3,4.75301384940204,1.0,6,985260.854490162,8
3592.0,1,2,3.634822720478255,0.0,9,777977.3901185812,8
966.0,1,2,2.73066687604351,1.0,8,229698.9186636115,47
4926.0,2,1,4.699072554837388,0.0,8,1041740.8589249004,31
3944.0,5,3,2.475930043628728,2.0,8,879796.9835223783,34
3671.0,1,2,4.911960066216673,0.0,1,814427.8614089885,12
3419.0,1,1,2.805281407595683,1.0,1,703413.1109446795,52
630.0,3,3,1.0142859649909075,1.0,8,173875.03721558454,27
2185.0,4,2,3.9416043760667474,2.0,5,504176.5060593679,43
1269.0,2,2,3.5550397628502823,1.0,9,335332.59275293903,18
2891.0,2,3,3.9784402458751407,0.0,2,635097.3959198,42
2933.0,5,3,4.781489129265565,2.0,9,701133.8041471172,51
1684.0,5,3,3.994201861929581,1.0,8,440726.2848162878,36
3885.0,2,3,3.251014709974911,1.0,9,838719.430503504,41
4617.0,5,1,4.3578900606237845,0.0,4,1019192.6613592046,19
3404.0,3,3,3.529608977095392,0.0,1,735850.8123421574,47
974.0,2,2,2.336535755716654,2.0,1,234261.64997473892,38
1582.0,5,2,4.48528893908798,1.0,5,396246.3588887452,68
3058.0,2,1,1.498552073529678,0.0,2,672852.0519810001,7
2547.0,4,2,3.715885737089259,2.0,8,586086.5685389101,38
3247.0,1,2,4.467035547233406,1.0,10,740174.0146550778,19
1475.0,2,3,3.790924338664833,1.0,5,370167.09090271546,10
2306.0,1,2,3.637739385742356,2.0,5,530824.1967752124,10
689.0,5,1,3.8868723233232623,2.0,2,227515.3002879812,28
3234.0,1,3,2.5927486173529,0.0,7,652166.1423658864,55
3505.0,2,3,4.433768069706617,1.0,8,745670.6371477235,56
2399.0,4,1,1.4154641381124105,1.0,10,513161.95119306416,46
1767.0,5,3,1.073238872001527,1.0,1,432357.9061027443,15
2028.0,2,3,1.784789510533302,2.0,2,434165.8966340506,57
3702.0,5,1,2.892098285487469,0.0,10,809686.201143527,40
4056.0,3,3,2.7975280793420216,1.0,4,883819.0911218557,32
4390.0,1,1,4.19269440954464,2.0,5,912468.0479046734,64
1146.0,3,1,2.3205589538180784,1.0,2,281313.0614448485,26
3388.0,2,2,2.679549918311789,0.0,1,705923.3148916194,37
2935.0,4,2,0.5601545746672804,1.0,9,656980.4604282172,11
1100.0,5,3,2.343826563993226,0.0,1,318266.2771320871,6
2863.0,1,3,3.4149840482765392,0.0,4,582468.7977365239,67
2561.0,5,1,0.5697874878196648,1.0,2,541967.633559251,41
741.0,2,3,1.763968843338097,1.0,4,188531.42345710637,27
2541.0,5,1,1.4358036168022548,0.0,8,565562.7504321395,19
3324.0,1,1,0.688934430093147,2.0,8,697574.5556670319,10
3112.0,2,3,2.6566704046154186,0.0,9,666733.4734616925,44
1863.0,5,1,1.317754819526704,1.0,5,376388.0216286443,71
1978.0,4,2,3.8438669283412095,1.0,7,485380.95019563066,25
3056.0,2,3,4.315675476935068,2.0,3,735678.4622017285,6
1275.0,2,2,2.9551333220111653,0.0,10,296291.0010075069,45
4514.0,4,3,4.917683041345137,0.0,4,1046315.8960136625,16
534.0,3,1,2.527153571617679,0.0,10,187508.58531168045,8
3652.0,1,3,2.81015694601212,1.0,9,793995.2848757812,30
2455.0,3,2,4.951479892809876,0.0,10,527393.5128875901,71
2085.0,5,1,1.5419679618427198,2.0,10,467768.122943975,49
4443.0,4,3,4.741456728546074,1.0,1,981190.782911222,48
3573.0,3,3,0.6927689980360097,1.0,2,750481.7169351575,29
1521.0,2,3,2.5087410061843767,0.0,5,377511.26849809097,11
3961.0,5,2,0.815015804598796,2.0,3,866877.3524150968,24
3113.0,5,2,3.7815563431113937,1.0,2,731331.6610567131,25
4343.0,3,3,3.23784021146008,1.0,1,899382.8651584806,69
2000.0,3,1,3.679854185604184,0.0,10,485622.401919989,16
661.0,4,1,2.1851617998560764,0.0,3,147601.55157708153,60
4797.0,1,2,2.162668703141211,2.0,1,986006.861736761,45
2481.0,3,1,0.7039367553240257,0.0,1,509725.550655089,33
1495.0,3,2,2.074752227883379,2.0,1,346932.6209008944,38
3842.0,2,3,4.681797810179267,1.0,8,863289.3969030941,33
4298.0,5,2,2.2065194173120206,2.0,3,919295.8540615214,40
1775.0,1,2,4.241154677998865,2.0,1,406069.2709127523,69
1516.0,2,3,4.290464771374703,2.0,7,397346.1108776756,7
837.0,4,1,2.1795852037065524,1.0,10,191117.1012230497,57
1378.0,4,2,3.3439490617828507,0.0,3,384461.3548261602,2
1576.0,3,2,0.9291722102287638,1.0,8,340980.72481778456,46
4493.0,3,3,0.9665536133042444,0.0,4,951093.5469938468,16
879.0,4,1,0.7189594864777099,2.0,4,217010.48526715024,28
992.0,3,2,3.114567920187993,2.0,5,248224.0196560961,58
2562.0,1,3,2.417319399317437,2.0,6,538349.0962151848,53
4384.0,3,2,2.9661456049890806,2.0,7,985223.9966541852,7
564.0,5,3,2.844829357287745,2.0,4,242865.9315016322,6
3068.0,3,1,2.0759134599082865,0.0,8,654466.9454086807,38
2527.0,2,1,3.548630366705628,0.0,6,551967.8882668803,26
3195.0,1,1,3.913258464123758,2.0,1,663904.9927177994,62
1995.0,2,1,0.5658271649495408,1.0,1,397482.74798703607,41
891.0,2,2,1.4325903489599523,1.0,9,209632.84147750464,22
4974.0,5,2,3.709561406375016,2.0,10,1107045.062935083,24
4061.0,1,1,2.239790776852254,0.0,6,787420.4040749857,72
2778.0,1,1,3.4811777612372365,1.0,10,605371.7047170609,33
3599.0,1,1,2.061331968805513,1.0,8,721018.0639031393,43
700.0,1,2,2.258398185483367,1.0,7,199066.37891066872,24
3604.0,1,1,1.2140549316035822,2.0,6,730047.4973881331,29
2954.0,5,1,1.6620395884977202,1.0,4,627923.6171994702,54
4145.0,3,1,3.2243529087841427,1.0,7,898283.8867356428,31
1304.0,2,3,2.4492340009182487,1.0,9,277832.10571177263,64
3231.0,1,1,3.9843620732506784,1.0,10,731490.1175330897,7
3273.0,3,3,4.336632297222542,0.0,10,688357.648480334,74
2070.0,3,3,2.9374088819754194,2.0,7,525582.3102214569,12
3190.0,2,1,3.912202814252266,2.0,1,684824.5348634415,51
4340.0,5,3,1.881070309375565,0.0,10,903251.9405609448,62
1528.0,4,1,2.367370469300352,0.0,9,323118.7393152309,64
1002.0,4,2,3.7074995429757394,2.0,4,307101.6858385633,24
4993.0,3,2,2.237953967676638,1.0,3,1020324.7565966452,58
1370.0,2,2,3.1482722082154497,1.0,4,304730.506229004,51
4988.0,4,2,1.3341775058713017,2.0,4,1026397.296612232,56
706.0,3,3,3.198970917367241,1.0,10,199414.94263280893,38
1984.0,5,1,4.376811682521021,0.0,2,472657.61431723344,67
1363.0,4,1,4.408878379205415,1.0,1,340069.229775934,47
3290.0,3,1,3.759549828482928,1.0,10,696709.415289048,70
1063.0,3,2,3.855890205842567,1.0,1,266533.05392411625,58
4691.0,1,2,3.010673503178153,2.0,8,971514.7620428528,39
2257.0,5,1,3.1310064057462115,0.0,2,501305.5489940659,56
2178.0,1,2,1.101427616347331,1.0,10,480961.44203831744,11
3742.0,2,1,2.4973663478958548,2.0,5,758977.8818675748,64
1559.0,1,1,2.528493277488637,1.0,4,364658.5286208398,21
2222.0,1,1,4.813240260504831,0.0,8,515813.7578353911,30
3814.0,4,1,2.439890881804802,1.0,2,834587.5117736553,28
3657.0,3,1,2.9720419020624096,0.0,10,747384.0608082061,63
3125.0,5,1,2.899631296755961,1.0,9,667696.0449735246,54
3229.0,1,1,3.365427726699472,0.0,7,645145.5398468642,64
2097.0,5,2,3.8670477409935313,1.0,7,481368.1255215702,70
3560.0,1,1,1.5126884427689244,0.0,1,740148.1937768575,19
3193.0,2,1,2.879259885942961,1.0,2,639073.1842415399,55
4127.0,1,2,4.216629682922137,1.0,4,886568.3132277146,34
1863.0,4,2,2.5840162122688017,2.0,4,450941.1354372639,29
2481.0,3,2,1.7530589586810783,2.0,3,513720.44181706064,63
2163.0,2,1,3.446190839103346,0.0,7,521205.600976709,5
2029.0,1,3,4.2069532810960535,1.0,8,455122.0999589496,58
2538.0,5,3,0.784131318173261,0.0,2,551463.8888534079,56
3802.0,2,2,3.995557175332522,2.0,4,816173.7524264855,49
2737.0,2,3,4.197415698327971,0.0,3,637736.0103999889,27
1806.0,1,2,2.576853174148731,0.0,2,420203.4615575062,23
4529.0,2,1,4.924875455683103,2.0,6,1026790.0663279732,5
3175.0,5,3,4.040187533182891,1.0,4,744681.397063456,20
1782.0,2,1,3.981481542030496,0.0,6,400585.46235503367,42
1209.0,5,3,3.865273584854323,2.0,2,368327.4567183169,13
4913.0,1,1,1.177736464482233,1.0,4,977158.5923179968,52
4248.0,3,3,1.4775389890385486,2.0,6,883626.6203857235,60
1163.0,2,1,2.5879555915899126,0.0,5,244030.4071335913,48
2498.0,3,1,1.6880195748175963,1.0,3,558598.6787614333,11
3945.0,5,3,2.368584375503182,1.0,8,860329.4923109863,24
4243.0,2,1,4.498088494653143,2.0,7,947490.777477816,22
1995.0,4,1,4.209471013456712,2.0,3,492018.32279508375,24
3804.0,3,1,3.33517945315992,2.0,6,832386.3311958439,28
4263.0,2,3,4.361541774129966,1.0,4,893926.6294720689,71
2353.0,3,3,4.026975750577622,1.0,5,534464.9120087984,68
1791.0,2,1,2.430432193284007,0.0,5,355281.41848528635,40
4081.0,1,1,1.404793184224753,1.0,7,834105.7943401121,27
3957.0,3,3,2.813904680042026,0.0,5,885550.3826256534,2
2136.0,4,3,3.813029971378476,2.0,3,551859.0856947603,3
4196.0,4,1,2.4638881942831685,2.0,10,922420.588370604,30
3499.0,5,1,3.5004735940275373,1.0,5,804433.8093218554,3
3652.0,2,1,0.9244734183096964,2.0,7,734985.0630470021,56
1198.0,3,2,3.866021313671316,2.0,5,346152.8475921306,12
2660.0,5,3,4.157211289518779,1.0,5,649973.3618681368,37
4597.0,3,2,3.680770351012435,0.0,9,1006939.6644174114,8
1354.0,2,3,4.852686143868645,1.0,3,370260.6031667921,16
3974.0,4,3,4.219934258572882,0.0,6,928059.7129533672,6
2207.0,1,3,4.563921775444422,1.0,1,492112.0397149675,62
3277.0,4,3,4.7010698755594165,1.0,10,752466.6746666236,28
2233.0,5,3,4.106065963432139,2.0,5,573797.9393068494,14
4010.0,1,3,3.534164789029246,1.0,8,854876.2983739193,44
702.0,5,3,0.5257336161235517,1.0,5,183663.6464573192,53
3755.0,2,2,2.596215889504061,0.0,9,788150.9318106314,32
4718.0,1,1,3.0702303438006244,2.0,6,981510.89525884,8
4996.0,5,1,1.8681362260159984,0.0,8,1070454.2752476104,21
1266.0,2,2,1.931470011065624,0.0,10,241968.8432665446,65
4889.0,4,2,4.825217370695743,2.0,8,1064004.872579212,33
2827.0,2,2,4.512698893412357,2.0,3,640767.2241513439,11
3431.0,3,2,4.321305524757669,2.0,7,762159.3914733424,54
697.0,2,3,2.327053107677498,1.0,7,216591.97111921213,9
2430.0,2,1,0.5616434768401155,2.0,10,497168.0883454792,34
4082.0,3,3,0.8610001090507133,2.0,6,857205.2452653883,51
1108.0,5,1,1.9048836569792165,2.0,7,285546.501684919,40
3772.0,5,1,0.5708431084805464,0.0,2,819125.6470544274,19
1647.0,2,2,0.5771740186183916,0.0,9,316130.2555576059,45
4782.0,3,3,4.62471485739085,1.0,10,1067425.216621323,18
3897.0,3,2,3.677713259535744,0.0,10,837398.565143556,28
3011.0,4,3,1.890301955306687,1.0,1,658260.7060110456,40
2294.0,5,1,1.0969005992042893,0.0,1,475767.3504503976,56
1159.0,1,2,2.802360730527847,2.0,3,250101.5473305484,67
3311.0,5,2,0.52405772384464,0.0,3,688516.5046690886,49
1869.0,5,1,4.722861847361648,1.0,1,510876.9990932239,4
2486.0,4,1,2.366668037250262,0.0,7,543734.421890143,45
646.0,1,1,2.3105072985679973,2.0,4,146406.89625235138,68
3719.0,4,2,2.25767123411802,1.0,10,828512.1019589091,8
3411.0,1,3,0.8119774867449414,2.0,2,719969.4352945103,10
2234.0,2,2,3.37245007906322,2.0,10,507847.5873391124,39
2343.0,1,3,3.79851628832759,1.0,5,507554.9440535184,50
988.0,4,2,3.542564289147306,2.0,6,294558.07202157495,38
3476.0,5,2,1.1229597199822745,2.0,9,712212.2154102818,74
2459.0,1,1,3.1047807561601664,0.0,4,491715.9476636626,60
2885.0,1,3,3.062680178775142,2.0,2,625227.045470116,38
3419.0,3,2,4.407848545736219,2.0,5,752101.9024207598,62
2302.0,5,2,2.2060744626904114,2.0,3,501913.6471080413,67
4561.0,2,1,2.171686746467454,2.0,2,907358.632995708,70
3869.0,4,1,3.283371764231835,1.0,1,878704.0956397129,15
762.0,2,3,3.3488269407478084,0.0,10,237070.7057045996,2
1123.0,5,2,2.6117835229660566,2.0,2,267132.4135848208,74
1516.0,1,3,2.493767130486895,2.0,6,353129.5684734057,39
4143.0,1,2,2.723664517870472,1.0,8,845141.6166638864,40
2549.0,5,3,4.374703847764904,2.0,3,656223.1627305328,9
4223.0,1,1,2.575251055642595,1.0,9,884677.6890798345,12
3608.0,1,2,4.729693063864201,0.0,9,775773.2237663032,52
4590.0,1,3,2.768016936183467,0.0,2,918893.7439235622,66
2556.0,4,1,4.771403119314011,2.0,8,607698.7371081988,41
3670.0,4,1,4.247743558410841,2.0,10,838774.4840391098,29
2182.0,3,3,2.130940951771231,2.0,5,470978.4795328964,71
2755.0,2,2,4.386386395834772,1.0,4,616308.9624199027,45
1654.0,5,2,0.9952847789050184,2.0,10,417416.2622542783,3
4999.0,5,1,4.662712289043565,2.0,5,1060976.488572305,72
3691.0,5,2,3.342395817873012,0.0,4,809046.2841762663,61
2196.0,3,2,0.7447583683504003,2.0,8,485376.42332357954,15
4491.0,4,2,3.399155256428652,0.0,4,965816.66811073,30
2148.0,3,1,4.884114443651402,2.0,10,517515.4060050993,41
1945.0,5,3,0.8141029457658302,0.0,6,438250.1761546225,30
4699.0,2,2,2.9960946940103885,2.0,2,1008240.7854354944,14
4423.0,1,1,3.865074573917176,0.0,5,888140.07598706,59
753.0,4,1,4.146163640147891,1.0,6,252963.3562076132,9
3683.0,4,3,2.362223593943581,0.0,5,801206.2036701888,35
3057.0,3,2,1.4187495162570936,0.0,2,624112.1600204634,58
598.0,4,2,0.6905402544757273,0.0,7,155471.16626013073,41
2700.0,5,3,3.1087677069375115,2.0,4,617900.4948407207,59
3461.0,5,3,2.5380998162042485,2.0,8,798362.7750475319,15
4933.0,3,1,4.7693497781737,2.0,7,1096158.2899088082,9
4277.0,5,1,0.772722084717094,1.0,7,927092.4059599084,9
3369.0,2,3,3.5842790455070257,1.0,9,728289.8873118911,62
3734.0,3,2,0.6123479995402572,0.0,1,785248.3619879358,19
4291.0,2,1,1.2714537951974425,1.0,10,862580.4983858576,44
1456.0,1,1,2.541105499652754,0.0,6,297387.92248393584,41
4567.0,2,2,2.546925992612907,0.0,6,938151.8372450712,36
660.0,1,1,3.5856524432013974,0.0,6,203447.4833684562,8
4993.0,1,2,4.595958656904905,1.0,6,1038319.1650899692,67
1800.0,2,2,3.375644715117144,2.0,10,443408.3059778237,20
4487.0,3,2,4.79090794033179,1.0,7,971977.0246414564,48
2027.0,5,3,4.467270379450989,0.0,10,539478.4031506823,22
1718.0,5,3,3.1302490798885563,0.0,6,424712.5512524801,36
4996.0,1,3,4.252063779134723,1.0,1,1102533.6490590929,10
3604.0,1,2,3.3915992464563534,0.0,3,740286.5597469498,58
3235.0,3,2,0.8535102391567722,0.0,2,655719.1459405582,45
1454.0,4,3,3.832541254667795,1.0,6,402213.42189319455,22
3946.0,2,1,0.927087985703058,1.0,8,779202.6809723858,62
1545.0,1,2,3.173372512563706,1.0,3,338170.31528112484,54
2193.0,5,1,3.6618809263620298,0.0,10,497340.9981159924,56
3936.0,3,1,0.7993742369488486,0.0,8,815811.6827370644,22
1062.0,2,2,1.538575942669393,2.0,8,250362.35906874528,56
2985.0,3,2,4.620525045177424,2.0,5,717150.4421296231,18
3854.0,2,1,3.2734152150480336,1.0,8,811129.4971755756,50
725.0,2,1,1.608287084647392,2.0,6,165242.29785174478,44
1459.0,1,3,3.60805897016603,0.0,5,370992.4565584571,20
3567.0,3,3,3.1854938898276037,2.0,9,779362.3561113286,52
1315.0,3,2,2.757090649630768,0.0,7,308618.40727220185,43
3620.0,5,3,4.892841387446377,1.0,8,861356.9775590366,13
516.0,5,3,3.57554199833379,1.0,1,171023.95659837997,65
1743.0,1,3,2.189484993505607,0.0,2,381738.0175438036,3
2705.0,1,3,4.100330444345905,2.0,8,628610.9650581649,21
3024.0,4,1,4.480624818145345,1.0,9,698124.6114710766,23
1569.0,5,2,1.0634925178257415,1.0,4,362679.08775021497,55
3944.0,2,3,1.4024884003036993,2.0,10,822030.766712673,43
3065.0,3,1,1.4730215410750087,2.0,10,611205.6889207754,61
1560.0,1,1,3.610453142239432,0.0,9,359657.9955923103,25
2827.0,3,1,3.213677997739775,2.0,4,605143.9591154716,47
3920.0,3,3,3.2854620411436466,2.0,10,881016.0047742793,22
801.0,4,3,4.733479848602754,2.0,10,258111.6713724362,51
4776.0,5,2,3.9916018976328766,0.0,10,1038652.4247755758,53
1106.0,1,3,1.0757161603030243,0.0,9,219426.92448759967,45
3670.0,3,3,2.0637818709133144,1.0,7,813296.8090259811,12
1199.0,1,1,2.45927140779081,0.0,2,211038.85316259583,71
1639.0,2,2,2.281827149364222,1.0,9,395042.3550597105,16
690.0,4,3,3.5118887412284563,2.0,4,203867.04292282808,67
2800.0,2,3,4.513518964654532,1.0,8,619660.8346800937,63
1480.0,1,1,1.877231585852546,1.0,7,304174.6641013576,44
3475.0,1,1,2.983447113895336,2.0,7,731899.435616318,41
1684.0,5,3,4.052342398611136,1.0,8,467628.527062253,26
3827.0,3,2,2.372981264804072,0.0,1,827143.776401641,18
3894.0,3,2,1.2565315777968311,0.0,5,797034.4255040532,49
627.0,2,1,2.637279343686867,0.0,2,126097.92716348889,57
2565.0,4,1,0.7485013433436281,0.0,2,527544.910534171,37
2316.0,3,3,4.740725543010246,1.0,1,570289.0160760867,25
1069.0,5,1,0.8366954233773787,1.0,5,234389.76681767972,67
2395.0,2,3,2.473055218627602,2.0,2,534533.0200368982,34
3233.0,2,2,2.884465674898368,1.0,4,660507.8198303543,69
4363.0,5,2,4.9338672452927845,1.0,3,1008539.156234348,6
4514.0,4,3,1.2470982063928735,1.0,3,955158.90638745,31
3401.0,5,1,1.0149418337556135,2.0,2,756373.8420634224,11
2186.0,4,2,0.5391776617814461,0.0,6,441315.08847493527,46
3509.0,5,1,1.2000714659118603,1.0,2,749610.4677553453,47
654.0,5,2,1.4327284058045042,2.0,8,158636.70310577296,64
3037.0,1,3,3.3376142371239155,2.0,8,699683.2484112402,10
1909.0,2,3,1.4886805567613015,2.0,5,390430.2223774808,56
4557.0,5,3,0.5923436662819634,0.0,10,935973.5562996916,66
1284.0,5,2,4.219782554761199,1.0,7,350816.184399563,48
3675.0,3,1,2.1451806545178504,2.0,4,779019.7305378267,41
4841.0,2,1,2.0916350896133027,0.0,1,987630.2411262016,31
3306.0,3,1,1.8611556312556696,2.0,2,733612.8163648158,7
1037.0,2,2,4.889179747158894,2.0,10,255907.13436003952,60
2341.0,3,2,1.2655193778917666,2.0,10,517655.1581174146,24
2955.0,5,2,4.542071287789558,2.0,4,684425.2003263966,62
1024.0,5,2,3.995614994629496,2.0,1,323701.2441901499,26
3450.0,1,2,0.8441597997469088,0.0,8,724814.2264216079,5
4631.0,3,1,4.940280956753819,1.0,9,1015556.1485920788,19
4615.0,4,2,1.7211468359255475,1.0,4,993273.0796606252,24
2868.0,1,2,0.9436231716008556,1.0,10,581948.159950993,38
4347.0,3,1,4.231914053565918,1.0,3,895675.5548211845,58
4995.0,3,2,3.6800399015496494,0.0,2,1092026.89678641,17
3201.0,1,1,3.277484626450553,0.0,5,662119.9410580613,46
1471.0,5,1,1.2019138866451993,0.0,3,341253.2207795087,42
1666.0,3,3,2.653232523151829,2.0,10,412045.7826588494,15
3274.0,5,3,4.012502120992462,2.0,7,748220.493682927,20
2482.0,1,3,1.8663077216472808,2.0,6,507185.45440816105,65
1353.0,5,3,1.9026042283176865,1.0,1,354054.70019158506,28
4646.0,2,2,0.5141340772165495,2.0,8,915005.2948821838,52
4236.0,4,3,1.284095307404208,1.0,2,872676.434152397,54
4269.0,3,1,4.439325313048254,2.0,5,934942.0571329228,62
1074.0,4,2,2.487859212369682,1.0,9,269061.7820440072,42
3761.0,5,3,4.929055246554952,2.0,8,867445.4184620865,51
1648.0,3,1,2.2806858360820668,2.0,2,342303.6892675472,64
2215.0,5,2,3.7183390465110855,0.0,9,486872.0567091347,58
4354.0,2,2,1.768635693071281,2.0,5,935626.95292811,7
2991.0,1,3,2.137143385134201,2.0,10,644601.105174152,28
3160.0,3,2,1.358266944159026,0.0,6,645375.2217757016,50
3624.0,2,1,2.0617806582472773,1.0,3,786580.3015186453,2
3551.0,2,2,2.962568841892894,0.0,3,740281.2153448497,54
504.0,3,1,4.962977964406623,0.0,10,149743.4999535613,63
1376.0,5,2,3.488907708823036,1.0,8,348893.55395287194,38
1491.0,2,3,1.3966067948374132,2.0,10,346010.94983818056,33
4642.0,4,1,0.7023264871619801,1.0,10,915441.1797542056,58
4864.0,2,2,1.0686041659152976,2.0,2,988325.4879158876,27
4965.0,5,2,3.0314984057287133,2.0,2,1075864.2810329462,47
1135.0,5,2,3.943221479675449,1.0,5,329218.5249164853,34
2193.0,4,1,4.731886432853361,0.0,6,530004.3428420601,28
2182.0,2,1,0.5712042739856937,1.0,2,408013.5790622347,57
619.0,5,1,2.852420637028414,2.0,5,224507.20014868543,4
1330.0,3,3,2.6189031030042957,1.0,7,300656.0790681994,62
4175.0,1,3,3.452247598890668,1.0,10,848824.7742976189,62
1869.0,1,1,3.018104845094039,2.0,10,396681.2860961783,44
1240.0,1,2,3.5916761776211623,0.0,8,262398.4460460842,73
616.0,2,3,3.4613716313713567,1.0,7,180393.6281134625,59
3338.0,4,1,1.026552761860758,2.0,8,671803.9439013259,66
1650.0,5,2,4.098730611284238,2.0,9,474045.8427124246,2
2431.0,3,3,1.054546590723462,1.0,5,505877.59815497726,37
1512.0,3,2,3.643387813441117,0.0,5,389645.3296127529,21
2164.0,2,2,2.3726541543827304,1.0,10,483350.32816846616,19
1581.0,1,2,2.812328305594691,0.0,4,358458.3807510001,30
1012.0,2,2,4.564841064690698,0.0,9,264395.09178796335,41
3349.0,4,3,4.504476769130689,0.0,5,749571.2916347987,66
1059.0,4,3,4.180353375447632,0.0,2,263760.9441483153,67
4172.0,5,3,2.7956677120534548,1.0,10,894611.0786564201,68
3843.0,5,1,3.813079145602249,2.0,8,853001.1125510683,39
4570.0,4,3,2.8080367498346424,2.0,7,972537.496467423,57
1970.0,4,2,4.413227371136498,2.0,8,453359.87163545546,72
1080.0,4,3,2.3124912495480494,2.0,3,270230.63769827964,47
2794.0,2,2,4.866059049866946,2.0,4,673649.8960889375,5
3647.0,4,1,4.695452412029949,2.0,5,827205.303959231,31
4749.0,3,2,3.8372117875330343,1.0,6,1007770.5792970628,54
2179.0,1,2,1.757371478792324,0.0,1,443005.62363881344,47
4006.0,4,2,1.0924411495696629,2.0,4,871566.5627396672,21
3244.0,1,1,4.346165525419389,1.0,10,726227.5690417645,21
3856.0,2,3,1.2438602876208258,2.0,5,824351.6710960343,10
4545.0,1,3,4.34417355048801,2.0,7,973850.3282632278,54
1743.0,2,1,2.708442530205622,0.0,5,344363.2736819858,62
3618.0,3,2,2.329505527136469,0.0,1,793421.1417884243,18
2641.0,2,3,4.564358504754931,0.0,7,621862.7654183527,26
3559.0,2,1,3.2173294214312507,2.0,8,758946.7724048437,21
3459.0,5,3,3.09476303208373,2.0,7,759151.2379465501,65
2765.0,4,1,3.0144467508097894,2.0,4,630531.7401285437,22
2979.0,4,2,2.1702628220878912,0.0,8,646766.2897519646,31
2135.0,3,3,4.035393965881072,1.0,5,533039.4327952061,28
2257.0,3,1,1.6375929980709785,2.0,10,496427.1035646905,22
4952.0,4,3,4.725027320185737,2.0,9,1099211.6405116057,29
2570.0,5,3,4.522933422711324,2.0,10,605600.9507407207,62
3349.0,4,3,2.0186614655370416,1.0,5,738935.8194460399,38
3751.0,5,3,3.782586964242487,2.0,1,839522.318603536,51
4230.0,3,1,3.079504375023161,1.0,9,874856.2710820399,73
2989.0,1,2,2.019421858996556,2.0,5,609401.0845045892,61
2131.0,3,1,4.9483474159795104,1.0,6,457643.0980423783,65
3316.0,3,1,0.6135680563171889,2.0,4,676108.8512096877,40
1515.0,2,1,1.63690713779579,0.0,6,300935.18607341987,50
1848.0,2,2,2.8403332750001766,0.0,8,381998.6086592969,72
3587.0,2,3,2.848788515653537,0.0,3,720883.657171062,58
3339.0,2,3,3.1501988372550387,0.0,5,722543.0796460027,63
835.0,5,3,3.8825427741031366,2.0,2,294548.40256048914,21
1395.0,4,2,3.3056502373368337,0.0,2,336073.5215992294,51
4046.0,1,3,3.2012665723761664,1.0,7,863034.675749834,46
1351.0,3,2,0.7408150831086948,0.0,10,319748.76677475666,32
2187.0,5,3,2.1943862950518422,0.0,10,504023.26087166165,50
2431.0,1,3,1.544250828655202,0.0,10,538851.8933945443,15
4246.0,5,1,1.6941655022088895,2.0,6,934919.3827777772,10
2927.0,5,2,2.994518634531552,0.0,4,648902.5219843038,47
2068.0,3,1,1.397773917183238,1.0,5,414808.6543176996,59
4500.0,4,1,1.8227709545760389,0.0,1,940080.4444014952,28
3238.0,2,1,1.5668811883280305,0.0,7,676233.0768279255,17
3998.0,4,2,4.768263244481877,0.0,8,866618.3890237983,48
4413.0,3,2,4.750995794769929,1.0,9,983106.2224146988,22
1566.0,3,3,3.244737013682233,0.0,8,367024.37943296967,33
4880.0,3,1,4.66035110929355,1.0,5,1075814.4318808403,16
2944.0,1,3,4.03615690460768,1.0,3,660979.0474886918,28
4607.0,4,1,3.15476547260814,0.0,10,978190.835072989,41
3873.0,4,2,0.5289584517355808,1.0,9,801313.0610758337,38
4469.0,5,2,3.976323287357318,2.0,6,992213.4530121648,69
3046.0,5,2,3.6611975371481096,0.0,5,676719.1220590248,68
1253.0,5,1,3.268641439770863,0.0,3,296184.19659571577,50
2582.0,3,2,3.9219094025711225,1.0,6,587557.3219128358,42
3274.0,4,1,2.808149741486446,1.0,3,724842.1846929234,20
3396.0,3,3,3.668374720946026,0.0,10,762080.8235471162,17
4685.0,1,1,4.70827439026922,2.0,6,955223.3951427988,68
1275.0,5,3,2.191122571307388,1.0,4,354189.0054772034,18
2125.0,3,1,3.6865482570528143,1.0,2,454484.4215050965,63
3569.0,3,3,2.6405951810493145,2.0,8,769087.1879559917,59
917.0,1,2,3.534798433162917,2.0,4,251359.7986427481,32
614.0,2,3,3.9330200099946384,0.0,9,172534.44400203408,68
1116.0,4,2,0.7045362519610818,2.0,7,268244.1761186752,24
4474.0,2,2,3.409701997768978,0.0,2,985699.1860734548,2
3767.0,5,3,1.5203353298312503,2.0,4,824529.5721138918,43
1325.0,3,1,3.5151464201340503,1.0,5,289985.41455097107,67
2016.0,1,1,2.6074858367021605,0.0,3,450594.5679766036,3
3646.0,1,1,3.980987338391993,0.0,9,794010.0167336396,30
912.0,4,1,1.055303668425184,0.0,5,233504.5137836983,16
1228.0,2,1,3.318450582452878,2.0,2,269736.4362439106,71
3848.0,4,2,1.7531182801739855,1.0,3,841676.0140843305,8
3308.0,3,1,4.3384189789876615,0.0,9,707483.440019593,46
1175.0,4,2,4.677725775363384,0.0,7,310471.3888855296,46
3965.0,1,2,4.983792321555749,0.0,2,846516.6709494363,47
3004.0,1,2,4.082033310922775,0.0,9,647388.2995956682,31
3467.0,5,3,3.891803316926021,1.0,4,760678.6016673865,71
3286.0,5,3,1.4697534149039797,2.0,9,681361.2493428746,66
1622.0,3,2,2.0120317654554896,1.0,2,325380.0022571336,70
4579.0,2,3,2.595571437930258,0.0,10,987442.6840517226,19
2071.0,4,1,3.980214715020124,1.0,4,508941.1259280808,25
2643.0,3,1,4.617346392850859,0.0,5,572941.4282388942,60
2187.0,5,2,1.3511259501034307,2.0,2,481489.24616078194,43
4632.0,4,1,4.650653681015463,2.0,10,997885.7696999718,47
4351.0,5,2,3.630310935593261,2.0,1,944921.9815744858,53
3940.0,4,2,3.2484682880826736,0.0,7,842172.2092376931,58
4266.0,2,1,1.3992857207687277,1.0,10,901471.7427249742,16
2826.0,3,3,0.7498626476411775,2.0,1,632482.6223597979,4
3414.0,4,1,3.058092043285729,0.0,8,748136.4563894381,18
4452.0,1,1,3.431820574980016,0.0,3,914555.7450033636,49
1095.0,1,2,1.4485165220960972,1.0,10,214492.39812518292,50
1228.0,4,2,3.0040529262145537,2.0,6,287478.2675046062,65
1865.0,4,2,4.354220312431581,0.0,7,478566.0655908441,30
4992.0,4,2,4.25779675454759,1.0,10,1068538.1056038716,64
1198.0,1,3,4.673098312638337,2.0,1,334276.21781208954,22
895.0,1,3,2.146486143005962,1.0,6,235478.10213396215,3
4671.0,4,3,1.9312230764791345,1.0,7,1028282.3118218936,7
4860.0,5,2,3.872417026913639,0.0,6,1060712.8283115798,47
3002.0,5,2,2.4400058229365227,0.0,4,690243.7506863925,10
2319.0,2,2,0.8939689881250128,0.0,1,501720.6757217424,26
1217.0,3,3,1.7726050880172488,1.0,9,314916.5292154408,28
3282.0,5,2,2.383620284891701,0.0,4,752791.6325948103,23
4077.0,1,1,1.816323914643134,1.0,7,848697.2899849606,21
643.0,5,1,1.9949250692629472,1.0,7,213397.79303700436,15
3640.0,2,2,1.8219915777847584,0.0,2,788471.7465500822,18
4991.0,2,1,0.6867462523238574,2.0,1,1023975.1331555475,28
3438.0,3,1,3.3669261537099917,2.0,8,738091.5512277477,44
4136.0,5,3,3.187815891590612,2.0,8,926531.8100085806,29
3722.0,1,2,3.4402257431540626,1.0,7,781388.9356850483,49
1667.0,1,2,1.3653945321513237,1.0,8,302975.3037628076,70
3116.0,4,3,1.830445437256184,1.0,3,696224.0924052008,23
1562.0,1,1,3.2882716712521503,0.0,2,370689.5462510848,21
2656.0,3,1,3.1983240580696464,1.0,7,559262.3223593918,42
3482.0,3,2,2.778486392094205,0.0,8,775422.1168993582,25
3794.0,1,1,2.0768596250458886,0.0,1,783176.6365627198,37
1656.0,1,3,4.608189521486104,2.0,10,392725.1966639868,48
1232.0,4,3,2.028966090344797,2.0,9,297268.39963389,60
4830.0,1,2,2.550286203967632,2.0,4,1027285.7703285776,14
1453.0,4,3,3.551512239293939,0.0,4,367172.5872737959,54
3039.0,4,3,2.9435964389004385,0.0,3,697780.778011206,29
3824.0,1,2,2.0609868936397358,0.0,6,802714.096172766,6
3801.0,2,3,2.4604015570542943,1.0,1,783978.6474904561,69
2042.0,2,3,4.075163680340777,0.0,6,475471.1766686792,37
1691.0,4,3,1.751581199689756,2.0,2,427302.04370052734,13
3493.0,1,1,1.1401485789956691,2.0,9,724420.5096752369,13
3181.0,2,2,1.909234408233997,0.0,2,690319.8868147184,29
1717.0,1,2,4.322903969695556,0.0,7,383644.1777444591,62
2040.0,1,2,0.90045371685356,2.0,1,379109.0941130737,72
3736.0,1,1,4.962632330176033,0.0,7,758293.3788835382,69
2886.0,5,1,2.9345130451744814,2.0,5,619360.9693678387,67
4219.0,1,2,4.931805847851923,1.0,8,923122.114178692,31
1888.0,5,1,4.725483899386899,2.0,4,477884.3169302657,42
2356.0,4,2,2.537661713949125,1.0,10,558796.2539569193,25
1865.0,2,1,1.393209835724071,0.0,7,366797.3447576696,64
999.0,2,3,1.241981494543123,0.0,6,226125.4126756759,47
2180.0,2,3,1.5799521374148089,1.0,5,507967.8360673265,5
1010.0,2,2,3.6955968825404177,0.0,4,246540.9659359964,34
4812.0,2,1,1.7282749762916954,1.0,7,961367.1393329063,59
1824.0,2,1,2.0364137132193423,0.0,5,427947.1030973768,7
1655.0,2,3,2.5195046179757665,2.0,5,396277.33998439007,27
2327.0,4,3,4.609547061896554,0.0,1,585574.1096146859,19
3641.0,1,1,1.3522703804818077,2.0,2,763296.5725547657,11
3986.0,3,1,0.5226194867441141,2.0,5,827741.1738157432,16
2310.0,5,1,0.7704338467017657,1.0,3,523323.0670600654,13
3423.0,3,1,4.5714485375605305,0.0,2,731262.2024937344,64
2714.0,3,1,3.413824091795134,1.0,4,574450.4841823126,57
4686.0,1,1,1.7286827869751304,0.0,4,923773.1293560604,56
1213.0,1,2,1.29736625455036,2.0,4,269665.8613983956,20
4102.0,1,1,1.8242003148670145,2.0,4,838955.4538986462,49
4634.0,2,3,1.0165861726307606,0.0,3,915104.2350135812,69
4022.0,4,2,4.736898096279985,0.0,7,875981.0268954616,71
4768.0,2,1,4.028927784643701,1.0,9,1017321.3952750646,46
1743.0,4,3,2.5807602961064333,0.0,5,435500.9447943791,16
4209.0,4,2,4.392331723018408,0.0,4,896600.4885198027,58
1581.0,3,3,1.6225619193195453,0.0,2,342679.45001245977,32
955.0,3,1,3.727042558124871,1.0,2,267185.2676416052,9
1394.0,4,1,4.352596245561846,0.0,5,338350.5954344411,41
1884.0,4,1,2.1054592023047265,2.0,7,414166.584309186,67
2458.0,2,1,3.9085900045282296,1.0,10,523387.09594019287,62
3572.0,2,2,1.827825571689392,1.0,10,720713.4288162608,67
2496.0,3,2,1.8448571086656385,2.0,9,551668.6465406333,10
4785.0,1,3,0.9817573034938372,2.0,7,972746.6952602348,32
1004.0,4,1,2.480261209292294,2.0,5,269874.7159038473,36
1714.0,2,3,3.7837035792384,0.0,10,431423.2948124018,16
2031.0,3,2,4.730993625070783,2.0,10,501692.8515892058,31
3940.0,2,1,3.2170864636809324,0.0,10,804904.7205412153,66
1323.0,4,1,4.384109919810825,1.0,6,362719.62685852055,38
1428.0,4,2,4.201225921806022,1.0,3,369407.96419171983,39
633.0,5,2,1.280043738388764,2.0,5,176494.35410241215,47
2605.0,1,2,2.6861784301068417,0.0,8,557218.6456389157,33
4127.0,5,2,1.0261559098642616,2.0,1,909713.435000704,32
2352.0,3,2,3.569689227027357,2.0,1,526951.7757612201,33
4675.0,2,1,4.774548507107342,0.0,7,1033450.4577544982,9
3433.0,3,2,1.1169025613544044,2.0,5,739205.5159327254,20
3784.0,4,1,3.802474088611436,1.0,5,870504.8285910133,3
4798.0,5,1,3.3450716789053745,2.0,1,1045202.3496436334,27
3311.0,5,2,3.126222666536449,0.0,9,722603.6896894623,53
1750.0,5,2,2.255541056097526,0.0,1,409947.2216361178,48
4012.0,3,1,2.0980924148921565,1.0,5,901000.4882338208,8
1756.0,4,2,0.7036213505849953,0.0,10,364834.6821527956,62
3876.0,2,2,1.4805891871340606,0.0,9,795928.1818267058,30
3986.0,2,2,0.5682959702907211,1.0,4,778486.8427341338,65
4084.0,3,3,3.1163769751190924,2.0,8,858011.5135429478,66
1896.0,5,1,0.97633956145059,1.0,6,418888.6616954587,21
4137.0,1,3,4.428587273133722,2.0,3,887527.9071799915,48
3830.0,3,2,2.8541435931372434,1.0,4,827140.4447152761,41
3203.0,3,3,3.648604590764188,2.0,2,673586.747670695,74
970.0,4,2,2.3488569132822343,1.0,1,258717.68020973945,43
1853.0,2,3,3.022609140504719,2.0,8,471816.8853184141,4
3283.0,3,2,4.741966296349837,1.0,1,764387.1612255372,8
3331.0,3,3,0.8723031783065185,2.0,1,687869.2513012193,55
857.0,5,3,1.6427199736566327,1.0,4,252024.0176812598,40
3519.0,5,3,4.009947471097449,0.0,10,788284.6902015205,58
1167.0,1,1,0.9443174309719964,2.0,10,219652.59801356145,57
4968.0,4,3,0.8404749675684988,1.0,6,1043830.2913439176,30
1645.0,1,1,2.1269362943931736,2.0,9,368670.1351204142,22
4685.0,5,2,0.9147558131259454,2.0,1,1015603.7016174662,7
4219.0,2,3,3.132852989927914,1.0,7,909745.2997917284,10
3245.0,5,2,1.5182386286746992,2.0,10,695195.3585354679,74
1039.0,4,2,4.530640834397175,1.0,5,322312.8625079516,17
3279.0,5,3,4.025750363803655,0.0,8,746167.7281082802,49
4636.0,4,1,3.6486734274476422,2.0,7,985351.0239129456,55
4275.0,4,3,3.2762481232302587,0.0,4,896792.553841208,65
3008.0,4,2,4.3855957865365855,2.0,4,716524.6919885611,16
3279.0,4,2,1.503779276942406,2.0,6,695362.741532193,34
1424.0,4,3,4.428989792439024,2.0,6,379005.7118671184,70
3456.0,2,1,4.052715342908236,1.0,9,763645.6101593996,10
2081.0,1,1,3.866723718744585,0.0,5,424881.192942697,58
3824.0,3,2,3.0256505513371583,2.0,8,809782.1662261934,53
4985.0,1,2,1.6080987243677003,1.0,5,1032002.2381140392,34
755.0,4,1,2.4059656219635333,2.0,2,239234.57432207957,7
2338.0,2,3,4.071067945424607,1.0,6,560304.6612210645,6
2444.0,5,2,0.64300317960796,2.0,9,523988.4313016928,64
509.0,2,1,4.019228461686913,0.0,3,179398.43319315853,19
3371.0,4,2,1.5803183321940493,0.0,1,736289.1245550752,24
1297.0,2,3,1.1493914032472137,2.0,1,284798.2134604166,54
1515.0,2,1,1.0206559318113595,1.0,3,327253.4579829949,49
2324.0,4,2,0.622625053778668,2.0,10,506990.3247570412,56
4969.0,2,3,2.856139183496538,1.0,5,1064774.9343224152,15
3636.0,3,2,1.482169427121783,2.0,3,818671.3913349382,4
2693.0,3,3,4.952442946008342,1.0,9,648718.3260877142,28
723.0,2,3,3.084965401424926,0.0,8,236865.43918275135,4
4658.0,5,1,1.1204837121020468,2.0,3,951484.5473650974,49
4425.0,4,3,3.599431433651144,0.0,9,967287.6138508852,35
4500.0,3,2,4.539846049293764,0.0,6,936969.4548360409,70
2133.0,5,3,3.853307729163265,2.0,7,523680.204086382,54
2652.0,2,3,0.8439793746775145,2.0,4,537770.4956241908,71
1010.0,5,1,4.531478815366968,1.0,4,261227.3187203414,52
884.0,1,3,4.072682236369841,1.0,2,217669.8849055049,60
904.0,3,3,1.2123675504752645,0.0,5,198204.1283050715,67
2500.0,2,2,0.7330364992976759,1.0,8,517128.7578663306,34
3256.0,4,1,3.007897588914388,1.0,7,701609.1002837394,56
2168.0,2,1,1.202161151029896,2.0,7,465144.0719417193,29
1960.0,4,1,4.255659286678725,1.0,6,466251.4916197072,47
4136.0,2,3,2.112505955022532,0.0,3,894174.439544655,7
3224.0,5,1,4.608016001314589,1.0,5,705754.4319783618,60
4678.0,5,3,3.045596774634526,0.0,1,1007068.6501452676,38
2548.0,5,3,1.322025729078507,2.0,7,547523.9110807307,74
4646.0,1,2,1.1281949031191003,0.0,9,965317.5061019752,8
1216.0,4,2,3.094125969009893,1.0,1,299226.76708907617,51
2323.0,5,2,3.928476253380998,2.0,2,548288.2433774915,48
2581.0,1,2,4.016775414839819,1.0,3,570399.7427677898,35
3919.0,4,2,1.7409083199857658,2.0,3,875382.7427446679,12
2074.0,2,3,1.4191104151047536,2.0,8,473734.215407891,14
749.0,1,3,0.5754033702157209,1.0,7,146020.40342022013,39
1173.0,3,1,3.556396180405262,1.0,6,288382.46046148066,51
2665.0,1,3,0.8445571629509254,2.0,10,537619.5908056167,51
1270.0,1,3,2.3934254079466664,2.0,10,264215.33977452776,71
4462.0,4,2,3.2075697380823325,1.0,4,1010589.32913523,8
4863.0,2,3,4.7169902521385465,0.0,9,1047149.2482085732,41
2484.0,3,2,1.9031096163009589,1.0,1,562238.4809757017,18
1577.0,5,1,1.623974731009339,2.0,2,370970.3860521568,26
735.0,5,1,3.443720694287443,1.0,4,238459.1158908021,22
888.0,1,3,3.2865756442411174,0.0,3,215993.8951157028,52
3537.0,4,1,1.9944940248865608,1.0,1,769763.673034886,6
2348.0,4,3,4.676458259794039,2.0,5,594755.3248280677,22
3314.0,5,1,4.301880473703347,1.0,7,779336.1178319983,13
3874.0,3,2,1.5079214563928651,2.0,2,820831.6964017673,34
3778.0,2,2,1.5761414544553545,2.0,5,818613.7108034128,18
1752.0,3,2,2.8053515609918627,1.0,6,432824.65856336313,15
4481.0,2,2,3.9810744577882415,2.0,7,996696.835850388,21
2622.0,5,3,0.6981817072480898,2.0,1,604936.830452781,5
2650.0,2,1,3.62000819180618,0.0,7,596659.3685492761,18
1829.0,4,3,3.4170615382194365,0.0,4,417900.59093719104,65
1858.0,1,2,1.541660431608447,0.0,8,376032.361536576,35
2982.0,1,3,3.5660885595860696,0.0,4,626454.2784147046,68
2517.0,5,1,4.730824360634371,2.0,6,629609.0984680437,37
1831.0,4,3,0.7105363023729583,1.0,9,432687.983790756,14
4844.0,3,1,1.9384342488142812,2.0,5,979926.724614952,72
4761.0,4,3,2.4717952249985986,2.0,4,1041122.1131331322,24
1858.0,1,1,4.546671615161103,2.0,8,433664.2275283448,28
3677.0,1,1,4.8301765097412055,1.0,9,806645.0448680979,7
2628.0,4,2,2.4985186092334954,0.0,4,576020.0443075488,37
2680.0,4,1,3.87512785463986,2.0,3,600207.3340100806,39
637.0,1,2,2.8924746069401737,2.0,8,190828.13988469375,34
3972.0,3,2,2.9200232063361944,0.0,5,878049.2511558104,6
3332.0,5,2,1.751447817798604,2.0,2,704212.5239765074,62
4079.0,5,3,1.476303106387458,1.0,10,909836.08484369,17
3531.0,4,3,1.796024056658185,2.0,9,771922.849821314,25
4664.0,5,3,3.003476032656857,2.0,3,1010183.5001098072,45
3093.0,1,3,0.6311983370994005,0.0,2,650748.6977489772,13
4800.0,1,1,4.582620249603826,2.0,1,1018026.9936582922,50
4318.0,4,1,1.203276692973993,2.0,8,897666.0008462978,48
4638.0,4,3,1.4903990459212395,1.0,3,998439.2371139774,24
4323.0,4,1,2.8322427940144084,0.0,7,938864.8192625764,18
4542.0,3,1,3.6955164485177567,0.0,1,978835.1052830342,28
2406.0,5,2,0.930780746349788,1.0,1,533178.2402465394,36
1260.0,4,2,1.9296261389622296,2.0,9,278644.6693366641,59
3945.0,2,2,4.859035725084607,0.0,8,846346.3280926006,53
1399.0,2,2,1.6805433505142555,0.0,3,310271.2636685363,21
4955.0,1,1,1.908725652784161,2.0,6,995441.7102207708,54
3447.0,5,3,4.264243207781151,2.0,3,830557.1687018349,3
2219.0,4,1,0.7259649426070487,0.0,4,470083.2903669343,59
780.0,2,1,2.590759259640369,2.0,1,217462.4450570884,16
3766.0,5,1,2.208275440032516,0.0,5,787281.7359378719,44
2387.0,1,2,1.9246404195889304,2.0,1,508927.8041870647,33
3766.0,3,2,1.7856481732014404,2.0,1,799178.3100544005,43
1166.0,5,2,0.9111834718718416,1.0,10,319601.3915396029,16
4688.0,5,3,1.91671623208242,2.0,7,1004456.2194818492,41
1171.0,3,1,0.6937358122205086,1.0,6,206781.75744307123,66
2469.0,5,3,4.014337386399959,2.0,2,583183.4309103092,64
4656.0,1,2,2.2920250728110525,0.0,2,913774.3890331694,65
3622.0,1,3,2.497567245439602,0.0,7,734501.9542665192,58
4400.0,3,1,4.521175639025592,2.0,1,987241.429730274,7
1023.0,4,1,3.4612474273754934,2.0,2,287822.3768776313,27
2893.0,2,2,0.536265965039539,0.0,8,607535.6340463364,23
3617.0,4,2,4.744286703325782,2.0,6,804727.9577270229,50
3093.0,5,3,1.5671500968997003,1.0,2,665369.9589318279,54
2468.0,2,2,0.9842638314193648,1.0,7,540221.2539417966,10
2253.0,3,2,3.95657680271397,1.0,4,551444.6316158974,12
2796.0,3,1,2.752147921400232,1.0,2,621460.4905680827,24
2761.0,2,2,2.451967547081079,1.0,6,596339.5709584419,39
2786.0,1,2,1.622763858572338,2.0,9,617979.8529750025,9
4702.0,2,1,2.963621704380434,2.0,9,967780.6667222162,60
3378.0,5,1,1.7347307234116436,1.0,8,734156.8160862669,36
4643.0,1,3,4.557123523791804,2.0,3,1021134.6211894122,5
4144.0,3,2,1.4684201587993675,2.0,3,834328.5793736472,74
4932.0,2,1,4.479598177050891,1.0,2,1040389.0481357794,52
2555.0,4,3,3.0173244157731065,2.0,5,602549.2781823011,36
1776.0,4,3,4.228196602528584,2.0,4,468699.4412955908,18
3266.0,5,2,3.7078069813742975,2.0,7,738226.711971728,41
802.0,4,2,3.6351280014653686,1.0,4,237185.9132691445,34
1138.0,2,3,1.9595561346277508,2.0,9,315357.48101832974,2
555.0,2,1,1.5525361916249156,0.0,2,111626.85342361582,62
1025.0,4,3,1.4489880245635467,0.0,6,282660.2192955372,5
4623.0,2,2,4.357362456768149,1.0,7,972040.0599877926,69
2625.0,5,1,4.19192069116559,0.0,4,625113.6084591298,23
3787.0,1,1,2.482580876055383,1.0,6,745395.8553692064,72
864.0,5,3,1.0958207607340458,0.0,7,250123.469112831,12
2146.0,5,2,2.2201351338985624,0.0,4,510968.1406545,26
1418.0,2,3,3.287045543616101,0.0,8,353161.46132211224,28
3297.0,1,3,2.544814195159788,1.0,9,740330.4672038732,20
2031.0,2,3,4.010851708173478,1.0,1,496840.5291926289,11
3845.0,3,1,4.989302700131234,2.0,7,888020.5575222683,10
2406.0,2,1,1.3600943980200355,1.0,9,522309.4058721854,8
3586.0,2,2,2.568428688468076,0.0,10,724033.5604571347,60
2575.0,2,2,2.439427558643699,0.0,5,545482.7420093057,43
1213.0,1,3,1.8702163973702788,1.0,2,305026.7707546245,7
1562.0,2,3,1.391429825241303,1.0,10,355453.1829292205,57
2476.0,1,3,0.7956145242034665,1.0,6,513292.75970622,32
1796.0,4,2,4.492036927506643,2.0,7,442278.7666177528,40
625.0,3,1,2.389319139588429,0.0,2,185569.89426877032,17
4096.0,1,1,2.73602983325022,2.0,2,826494.0471232897,42
3783.0,4,3,4.626239216904121,2.0,10,839074.0204275192,61
2103.0,1,3,3.993307148821765,0.0,10,474659.86005527806,41
566.0,1,3,1.087255688527329,0.0,1,158454.83915736206,14
732.0,3,3,3.044389854234841,1.0,4,190802.0703078011,71
2656.0,5,2,2.490135244338016,1.0,7,619516.332475993,16
1669.0,5,1,4.087449826604432,2.0,9,416605.60725276713,46
2658.0,1,3,3.759046464253772,1.0,3,551324.4886576998,69
4706.0,2,2,3.606825748599824,1.0,7,1000021.7606809204,26
1993.0,4,3,2.032451759659536,0.0,7,462185.7241886994,35
4507.0,2,3,4.122336786796645,0.0,7,985499.1963159838,10
2972.0,2,1,0.7357608301768754,1.0,2,629290.1434469345,6
3160.0,1,3,1.2183120564447525,0.0,6,627322.941247679,48
3239.0,1,1,2.0103047284006026,1.0,2,638451.4027889116,69
2261.0,1,1,0.8456334848117657,0.0,6,439898.8032648414,62
4014.0,1,1,1.5574742489061122,0.0,10,821146.2339055584,11
2475.0,5,2,4.235679423490632,0.0,3,594005.0065233838,13
2862.0,1,2,4.767131920055357,0.0,2,613658.1099473296,56
1376.0,5,1,1.8707106009838568,1.0,6,335417.6369743354,32
4312.0,5,3,1.690321117949772,2.0,2,919941.4098368196,55
3948.0,1,1,1.759516935108921,0.0,5,823529.5488742903,7
1812.0,3,3,1.7497358930787972,1.0,2,415639.6454079276,31
1960.0,4,1,0.6616858198368785,1.0,3,407600.3914029592,52
3209.0,2,3,4.671123558489986,0.0,3,694271.1623037981,73
2824.0,5,2,1.4616416370664778,2.0,6,591174.1368528144,53
2233.0,4,3,2.3900183333663225,0.0,6,525760.8806101802,18
2105.0,3,1,0.5435909723343548,1.0,10,472291.952524426,3
3063.0,2,2,4.360797909117757,2.0,3,647832.2075906589,68
3921.0,2,3,3.790208050047128,1.0,3,889364.8170683798,19
4017.0,5,3,4.760402158281664,0.0,1,935451.9335719376,8
2897.0,1,3,4.017269656383796,2.0,7,625246.1179756841,59
4235.0,3,3,1.9116793042342937,1.0,8,917235.4105319374,24
3370.0,5,3,1.6154301142779064,1.0,2,769318.6038261497,3
1660.0,3,2,3.639723383989818,1.0,4,357130.1202818031,63
742.0,1,2,2.138507487547248,0.0,10,181191.0670440434,22
3090.0,1,2,3.0479675708867746,2.0,7,641013.919122572,70
1563.0,5,2,0.528158619619116,0.0,8,336153.4280264353,48
4824.0,1,1,0.7784856575621386,0.0,1,924012.9418488424,63
3095.0,4,2,2.90915573531743,0.0,4,670894.0581247887,58
1419.0,2,3,3.047322409016743,2.0,6,312202.08717502066,69
505.0,5,3,3.881538250067046,0.0,3,159121.4656145035,70
967.0,3,2,1.0938439383078278,0.0,5,240302.2199712505,18
4670.0,4,3,2.8093238769055047,0.0,10,1001847.3602497705,47
503.0,5,2,1.3750143999425988,0.0,9,206042.3513164644,6
1145.0,1,3,0.919382538032126,1.0,3,275063.0991470561,16
617.0,1,1,2.3472310732724955,0.0,5,147206.86576297088,42
3428.0,1,1,1.2350149164007576,1.0,8,710065.5617561329,13
3051.0,1,2,1.4980189018654335,0.0,6,624411.6024682868,25
4789.0,3,2,1.9289956094127576,2.0,4,988358.2476373828,56
1346.0,4,2,1.6672478033443832,1.0,8,351280.4162027617,6
3262.0,2,3,0.8941608383267587,1.0,3,696027.2851612554,9
1641.0,3,2,0.9046231018686604,1.0,3,364016.40122898977,28
2310.0,3,1,1.3696223685537567,1.0,4,494537.5115454976,36
1223.0,2,3,0.7275163458179252,2.0,9,307116.6791374497,7
724.0,2,2,3.319056588546172,0.0,5,194628.72736203528,42
4708.0,1,3,1.792970224290059,1.0,8,949404.2006657254,62
2548.0,3,3,1.7588568549608197,2.0,6,574912.7662317117,21
4915.0,5,2,1.9939923240699435,1.0,3,1011770.8785945608,68
2073.0,2,3,3.4825832339437475,0.0,8,438849.2345292175,61
2328.0,2,1,4.417852466675708,1.0,9,527715.5373919866,56
2417.0,4,1,3.9158911965003727,2.0,8,580272.8715936985,21
4734.0,5,3,3.773881536012927,0.0,4,1021159.6924822456,55
2526.0,5,2,2.679760335203821,2.0,6,567108.4842135326,46
4244.0,2,3,3.622125006353353,0.0,1,926488.454118578,51
1401.0,1,1,2.9874306561511244,0.0,4,321278.1795200379,12
2539.0,4,3,1.47312737683938,0.0,8,572608.4313965299,18
509.0,5,3,1.4386476548347282,1.0,1,140538.08318538152,67
760.0,2,1,1.8337640309387755,2.0,3,211508.5901215244,13
2173.0,5,3,4.598612019364159,2.0,1,552158.5008426193,46
2719.0,4,3,2.9633667817087663,2.0,9,623326.5868033242,58
2560.0,4,2,3.802574196508413,0.0,2,622100.1895022333,9
4213.0,3,2,2.059514419174464,1.0,9,845932.4082879503,69
2119.0,2,1,2.3347209679935137,0.0,4,468251.3632686849,17
820.0,4,1,1.0650451038676312,2.0,2,236054.0002831533,6
1842.0,3,1,1.2708273101975167,1.0,4,405144.670068021,47
2876.0,3,2,4.223104496717655,1.0,10,663568.5126665218,13
3332.0,5,1,3.1317738425999693,1.0,6,755402.3726912518,34
3324.0,5,1,2.018896096477185,2.0,7,759882.5851426219,6
2494.0,3,1,4.112830440479957,1.0,3,578870.7619594942,34
3458.0,5,2,1.6093395753709234,1.0,3,760720.1464642045,26
2538.0,4,3,4.892147143700917,0.0,10,611557.8808542505,26
3990.0,1,1,2.051679234857764,0.0,8,851283.9163168798,4
4177.0,4,3,2.017899293680524,1.0,5,870212.7996762642,72
1618.0,3,1,1.9036035749151736,1.0,4,340874.6232811248,65
2104.0,3,3,1.0495018216592955,0.0,7,451409.4809711031,40
4527.0,4,2,1.000117162994056,0.0,7,898403.5372117123,73
735.0,5,2,3.416472655403555,0.0,9,198659.21988081493,51
2469.0,5,1,4.438031200511212,2.0,9,600564.2006890622,37
4929.0,3,3,4.057342296222531,2.0,5,1062899.029267778,53
2408.0,2,2,1.13498417309608,0.0,8,476966.9362678016,49
875.0,5,1,2.955119548064299,1.0,10,245941.05648799823,32
4030.0,4,1,0.97516195689488,0.0,1,844959.8412339088,20
3135.0,5,2,0.7038258962588485,2.0,9,663727.5441240586,36
2070.0,4,2,3.4537363672314525,1.0,8,473629.2215424205,46
3060.0,3,1,2.9081855015615763,2.0,6,638284.4789553601,55
3891.0,5,3,0.8691065834516188,1.0,3,833111.8086328949,34
3465.0,4,3,0.657226608826948,2.0,3,749471.4241491086,21
4143.0,3,3,4.953903860342006,1.0,8,891638.5086964626,55
4350.0,2,1,0.6350959946708234,1.0,5,877752.3422257571,56
1372.0,4,2,2.5003771387257183,1.0,10,377431.0643911781,9
1752.0,2,1,2.77078561073463,1.0,7,373171.5899458196,45
1814.0,2,2,1.0277606651020026,2.0,5,405940.62394306617,22
3398.0,1,3,1.2607780029787232,2.0,8,706686.3209428937,41
577.0,5,3,2.0831225288465864,1.0,10,185557.6964804336,53
3121.0,4,2,3.927541442961482,1.0,10,728927.0713778214,8
4727.0,2,2,2.7818709082712,2.0,4,976049.1314638924,69
1100.0,1,1,3.370558435488327,1.0,2,241079.3234902556,48
1565.0,3,3,4.933285497908036,1.0,3,368640.6584269345,65
2636.0,4,1,3.956024458909444,1.0,8,645781.7324767867,2
2949.0,2,1,2.4546267416354794,0.0,7,641526.9853657566,27
2843.0,5,1,2.508988648084469,1.0,2,691113.9194565738,5
2363.0,1,3,3.2844743466845223,0.0,6,528869.8625493657,16
1818.0,2,1,3.4941434378850698,1.0,9,441001.3484190839,16
4097.0,5,1,2.753199166265021,2.0,4,852599.97505604,73
4262.0,2,1,3.401875502667409,0.0,9,894261.7196452515,46
2690.0,4,1,0.6058962248634445,0.0,2,574383.5478606392,7
1492.0,4,1,2.4333028875357985,1.0,2,366271.8455560513,10
3212.0,4,1,1.7552213423306453,1.0,9,665969.5719032948,49
2692.0,1,3,1.0812850035939967,0.0,7,525408.9155105908,65
1748.0,4,1,0.947959307639488,2.0,7,394408.5769492088,22
3554.0,5,2,3.214364745266004,2.0,1,826606.0146181242,16
4533.0,2,1,2.856202462186753,1.0,6,940711.9831153804,53
2497.0,3,1,1.6411285264836613,2.0,7,555012.7033097085,24
4187.0,5,3,2.619275264476315,2.0,6,950877.0053637534,27
2651.0,5,3,2.715045418320837,1.0,6,601083.947569366,54
4518.0,4,2,1.377540411973771,2.0,2,926094.1390762049,53
3610.0,1,2,3.434418778467428,1.0,6,774150.0468123948,45
2470.0,2,3,4.014137103737407,0.0,4,543160.4942000011,50
697.0,1,3,4.061585934002835,1.0,9,202427.97400689824,47
3126.0,2,1,3.211114238165548,0.0,1,708104.0557380343,10
1702.0,2,3,2.8023736213355632,0.0,8,402002.4844273374,30
2535.0,1,2,0.774532143524277,2.0,5,533656.3940212176,7
977.0,5,1,1.7952408448322263,2.0,1,214146.49100738543,68
1754.0,2,2,0.9197215105017644,2.0,4,398823.2673263778,26
1422.0,1,1,4.837204223953131,1.0,1,313266.83650286886,66
919.0,2,3,1.1078606580159231,2.0,6,217213.6452196605,39
2704.0,3,2,1.1829893443299593,0.0,2,539133.0843265855,74
3097.0,5,1,4.503094782487215,2.0,5,697909.6503581115,65
1620.0,4,1,4.74767727564406,2.0,7,418003.15725851554,39
3568.0,2,3,3.9462306765570943,1.0,2,818706.7764361517,2
1450.0,3,3,0.5243221565270144,1.0,6,325738.14789058163,29
2836.0,4,3,0.5060582193045366,0.0,6,605369.8615424815,43
2743.0,4,2,2.2014534640435284,1.0,5,606157.4972713309,43
3145.0,2,1,1.1452791650490164,2.0,5,613606.1874695573,69
2357.0,1,3,0.5827376396821877,1.0,3,503962.1877251642,27
2365.0,2,2,2.588300102320271,0.0,10,510534.1603835063,37
3412.0,3,2,4.743778538331372,2.0,10,744040.0563316267,58
3353.0,4,2,1.9571880870609413,0.0,2,701368.1143168806,48
3728.0,2,3,3.4751330529291344,1.0,7,816939.5874308393,21
4219.0,1,3,3.435059089095984,1.0,1,907601.7861704028,25
3728.0,2,1,1.629860466493255,0.0,6,771385.1497807608,40
2871.0,5,1,3.4269136197073893,2.0,6,636552.7524853058,50
3391.0,1,3,1.4555028842910107,1.0,3,694917.3008745462,47
4256.0,3,2,1.0490333610960008,1.0,2,852368.6069601658,60
4725.0,4,2,3.6562247850186056,2.0,2,993240.2813625648,71
594.0,2,2,1.0104836769676253,1.0,9,158856.84303466187,2
3174.0,1,1,4.986091483652099,0.0,5,678385.989963216,48
2455.0,5,2,1.325535805176032,1.0,7,531945.983279591,49
1293.0,1,1,3.173638382404059,1.0,5,279607.45517641783,56
2334.0,5,1,2.3511855713566523,2.0,7,515300.5927029035,58
2616.0,3,2,1.068738900825502,0.0,4,542247.1622628621,32
4606.0,4,2,0.6252975840983603,2.0,8,974421.4462019108,34
3825.0,3,3,3.30229527031775,1.0,10,843637.4594569862,33
3419.0,2,3,4.130409037051067,1.0,10,772740.0707275409,25
3097.0,1,2,4.289070476780348,2.0,7,685644.2336178538,35
3705.0,5,1,2.672210628846205,2.0,10,808905.5849604708,36
1314.0,5,1,3.998549602320735,2.0,5,341956.2674322983,52
845.0,1,1,3.5278121006984517,0.0,6,222673.0658697626,23
2849.0,1,1,3.7591453737461,1.0,5,604718.223692736,28
862.0,2,1,2.716695523498164,2.0,7,234762.8244790115,12
2943.0,3,3,3.350352831089572,1.0,2,690305.8227623077,6
2765.0,5,2,4.124866611092257,0.0,5,652434.7052233267,32
2688.0,2,3,2.2904787900066035,0.0,10,601890.2919093702,27
3505.0,3,1,4.126905053904126,0.0,3,753186.167662594,41
3781.0,2,1,3.1640757925507828,0.0,9,792681.5184200833,35
1484.0,5,1,1.246554609668538,1.0,6,360372.9780385626,14
2139.0,1,1,0.6110787075106308,0.0,10,422950.9047116141,25
1327.0,1,2,2.1323912017961844,0.0,3,312914.00307582016,8
3230.0,3,1,2.960133477333529,2.0,7,734110.0243598827,13
4031.0,4,2,4.279191584915697,0.0,4,899849.5188200921,17
4951.0,3,1,1.073685560631108,2.0,3,1017583.4273609958,42
3435.0,4,2,4.100928564576106,0.0,8,729494.9061684583,59
4376.0,2,3,4.383540707302521,0.0,4,953339.7306451156,27
626.0,2,1,1.178093691503752,2.0,1,113576.5123703764,65
3677.0,5,2,4.332174436868986,0.0,6,847131.2132821754,37
3556.0,4,3,4.961541055292564,1.0,10,796875.0927818617,56
1103.0,5,1,3.770774739717069,1.0,1,280149.1863612468,39
3949.0,1,1,4.0314635682124464,0.0,5,833283.0644545743,16
4646.0,4,1,4.974868704014931,1.0,7,1046163.3264236908,12
4033.0,3,2,3.224665627366754,2.0,6,889107.6929684004,29
3867.0,1,2,1.8854887190731224,0.0,2,760436.8893623694,72
3868.0,1,3,4.26888875334225,0.0,4,864309.0323581436,10
4297.0,3,2,3.2651859988023406,2.0,2,910000.3859570916,67
2292.0,1,2,3.1153794067443044,2.0,1,512734.7788937932,24
3361.0,4,1,1.6413599998131725,2.0,3,762769.5055574658,2
3976.0,5,1,3.90350421312299,0.0,3,827432.4143465807,69
3917.0,1,1,0.8675027413704332,2.0,7,780363.0627911759,36
2145.0,4,1,4.659291818575976,2.0,1,524818.9633293215,15
1705.0,2,1,1.9662055734671813,1.0,9,354744.6305953098,47
3530.0,4,1,1.074985937554957,1.0,6,754662.1768906609,21
3372.0,5,1,2.4906493989608847,0.0,4,733900.7559066785,38
3572.0,4,3,0.6911145916543993,1.0,3,729385.5524036873,66
2354.0,3,3,3.5808178741923484,1.0,3,556236.7348047679,19
4521.0,5,3,4.5621747970041024,2.0,2,1039730.2135109294,16
3208.0,2,3,4.267683532123289,2.0,2,672640.7862957919,73
4002.0,3,1,1.073162630515465,1.0,10,860129.7292090545,14
1832.0,4,3,1.0682201169847934,1.0,5,432387.0410257919,17
701.0,5,1,4.160455170459189,1.0,9,246717.9663664509,15
4007.0,2,3,4.659144235714022,0.0,2,897176.5668201512,35
4712.0,3,2,2.573014234250701,0.0,2,976572.7481782682,39
1074.0,2,3,2.7453700261119467,0.0,6,251724.67925135957,38
1036.0,4,3,1.9321791862357665,1.0,10,238220.4845448509,57
2125.0,2,1,4.524193032153863,1.0,2,514184.1816653132,12
2622.0,1,3,3.4020630738156017,0.0,4,561747.2624036099,53
885.0,3,2,1.797132097253158,0.0,6,194353.7361399757,64
3781.0,2,1,1.844522919744132,1.0,5,826587.7969711117,17
974.0,4,1,4.51040032878621,2.0,1,280961.6803897855,18
917.0,4,3,0.5613531075761966,0.0,6,191907.6525048871,71
4100.0,2,1,1.9522695772698728,1.0,1,809712.7379333257,68
1454.0,4,1,2.9946050654736607,1.0,3,369854.9244932172,14
1705.0,5,1,1.166978579446961,2.0,10,400306.9574091656,21
4620.0,5,1,0.914444393898154,1.0,5,985628.9692003924,7
2490.0,5,1,4.16874348990752,1.0,10,567376.4006946473,74
4072.0,1,1,4.524819748918283,0.0,5,889695.2695039134,20
4880.0,2,2,4.206228893591852,0.0,10,1004325.3931894517,72
4658.0,1,3,4.544545503818065,2.0,6,1021278.340082141,37
3213.0,4,2,2.989003869762672,2.0,10,665309.7683934513,74
2703.0,1,1,4.155161544456538,1.0,8,576620.3718535388,37
3620.0,4,1,2.228191872759952,0.0,5,738643.2007694525,46
1466.0,4,3,3.4982053766556733,2.0,1,343678.93524860224,70
3932.0,3,2,4.94975989125124,2.0,5,865263.3836358162,54
1188.0,5,3,1.5157747572760734,2.0,3,342365.20713846444,4
4743.0,4,2,2.254548858309863,1.0,4,1037911.6519852468,8
4201.0,3,1,2.660213197895385,0.0,8,876992.62965777,28
841.0,5,3,1.1210696915902327,2.0,7,238047.5927999937,40
2224.0,4,3,0.8646737470927555,0.0,5,518166.38138878136,7
4922.0,4,1,4.23375289844731,2.0,2,1108236.8362913695,6
2292.0,1,3,4.895574677724138,2.0,6,483905.9983899615,74
2259.0,1,2,2.321262787233464,0.0,6,509733.85039647983,7
3712.0,5,2,0.8944242628759398,0.0,10,747938.7115439639,63
1489.0,4,2,0.7961529231075941,0.0,10,347769.0613211003,15
2762.0,2,2,4.5109319286213445,1.0,6,619407.6279156839,48
2982.0,1,1,2.5871641237745595,2.0,9,646118.3979191775,19
1451.0,5,3,1.940122924530764,1.0,8,338786.44407016825,52
1222.0,4,2,2.644075720577298,0.0,8,291123.86737050366,50
3889.0,4,1,1.932368426115563,2.0,1,796470.173239297,54
2579.0,2,3,2.70066098888429,1.0,5,603812.5887922472,14
3217.0,5,3,4.368003786130716,2.0,7,779867.2165969982,12
2832.0,4,1,3.1653561697794306,1.0,6,656065.8419892447,23
3876.0,1,1,3.625941977645789,0.0,5,793323.8127937265,50
2000.0,2,2,2.1410180430545145,1.0,8,448879.5107617519,20
785.0,5,3,3.8232764532973342,2.0,3,262707.27893308154,29
3995.0,2,3,3.4997768819571755,2.0,6,872258.3925462884,43
2565.0,1,1,1.038028989884254,2.0,5,530476.1232749791,20
1268.0,5,3,3.0768928390201307,2.0,8,321199.3469094537,70
3557.0,2,2,1.655345733393911,0.0,4,730405.6620242158,39
4789.0,3,3,4.118430513351168,1.0,8,1033816.8247013512,26
2661.0,1,1,2.416719688101228,0.0,10,564747.6546436538,17
3793.0,1,1,4.976078743384193,0.0,2,804450.0990071343,36
1446.0,1,2,0.916251970725337,0.0,9,316282.80679770344,14
3835.0,3,2,4.011565382330714,2.0,9,806269.4033782159,66
4650.0,3,3,3.531657800939704,2.0,10,988234.6180212416,69
1981.0,4,3,3.9537447376581754,2.0,10,489595.4124613424,40
2401.0,2,1,1.8838840797070533,1.0,6,504682.30124801846,36
3951.0,4,2,2.714245202220803,2.0,4,851472.5994111879,53
4564.0,2,2,4.084288338756688,1.0,4,991703.3944221088,34
554.0,3,2,1.5464359922938475,2.0,6,120795.5523667112,70
2323.0,3,3,1.5171493855489344,2.0,5,511645.2377877411,33
3962.0,4,2,2.979729289827196,0.0,6,868356.2431862867,8
3579.0,5,1,2.856036107884351,0.0,7,765780.0440479134,45
1332.0,4,1,1.7701811168581978,0.0,7,317780.5942863934,18
4908.0,2,3,1.8413404273617024,1.0,9,1058290.680940349,2
3306.0,4,3,1.7503032344295448,1.0,8,708003.0797050629,46
2990.0,1,2,3.9718042789931935,2.0,6,663456.3939054122,38
827.0,2,3,3.4335538950310727,1.0,6,198773.4757127592,62
3810.0,2,1,4.245877325346138,2.0,5,821117.7482116626,43
3800.0,5,2,4.889628627413098,1.0,1,888184.3038431654,29
4175.0,3,1,2.633739333223939,1.0,9,869924.3421379088,52
3554.0,2,2,0.8001224663245199,1.0,9,734201.4615779822,30
2643.0,3,3,0.7164153968541594,0.0,9,530326.7865334606,58
1811.0,4,2,1.8304926767222864,1.0,8,436325.0761836845,9
3691.0,1,2,4.696450652086029,0.0,10,758140.6272517709,69
3038.0,5,1,2.854458747368937,0.0,3,647006.812552705,57
4483.0,3,1,1.723039322360581,1.0,1,921002.248222852,53
664.0,2,2,2.296250575299588,2.0,8,170024.87591657112,42
4777.0,3,3,3.1936779833210185,2.0,7,1009807.4390560028,45
1322.0,2,3,3.43827346162029,2.0,5,345655.79485490214,43
1443.0,3,1,1.1926377940230726,1.0,10,320689.2188217977,33
4925.0,2,3,4.896642544453292,2.0,7,1034380.2041616676,65
1274.0,4,1,2.95147502142255,0.0,10,304653.63604893,39
2698.0,2,3,1.1105974300652568,2.0,4,571367.8252792631,41
3656.0,2,2,4.521358640057602,1.0,9,856066.3005338378,2
4742.0,1,1,0.8358729398574296,2.0,10,931856.9695152728,47
4195.0,2,1,4.584809449298807,0.0,2,882532.5489330415,64
3952.0,1,2,4.984545453300421,1.0,9,875163.0460692297,36
1414.0,5,1,3.6519430962042674,2.0,9,372292.6033923184,28
1808.0,1,3,3.967012494832954,1.0,5,402330.051233892,56
4677.0,4,3,2.017862764103689,1.0,1,965304.8489878176,60
1013.0,1,1,4.737095837302702,1.0,7,248621.82614873743,47
2420.0,5,3,2.8837128474876543,2.0,10,560889.7929688855,51
4094.0,4,1,3.795748009688997,1.0,10,933332.7201261588,3
1909.0,3,2,4.658484721600757,2.0,4,453579.1055342158,66
3690.0,3,1,4.888309891889787,0.0,9,814843.6877321303,28
4991.0,1,2,4.249419604685034,2.0,6,1037268.0434280155,42
2055.0,1,3,1.8635787814191351,0.0,3,460741.2339285246,13
1304.0,5,2,4.849463824484371,2.0,6,357477.332666952,56
1779.0,5,3,3.326537890596073,1.0,10,480192.2452357916,8
4077.0,2,1,4.687891143583819,2.0,6,886451.6346786668,35
3401.0,5,3,3.5424726161645834,1.0,5,786584.6102391081,28
1887.0,2,1,1.8825753283147424,0.0,2,439793.0780082437,10
3261.0,4,1,2.165110358642672,2.0,10,701493.9970692651,46
3179.0,1,2,2.977122996963232,1.0,10,683723.1607044176,25
2606.0,4,2,4.055066787019469,0.0,2,572024.023634332,62
4723.0,5,2,1.9309214810315072,0.0,7,964865.2986386952,74
3268.0,4,2,3.1087902476038645,2.0,2,742599.2533323644,41
